trait,genes,alleles,pval,exp
glioma,PHLDB1,rs12803321-G,1e-15,-15
glioma,RTEL1,rs2297440-C,2e-42,-42
glioma,AKAP6,rs10131032-G,4.9999999999999995e-11,-11
glioma,CCDC26,rs55705857-G,7e-149,-149
glioma,ZBTB16,rs648044-A,5e-12,-12
glioma,ETFA,rs77633900-C,2e-13,-13
glioma,LMF1,rs3751667-T,3.0000000000000004e-09,-9
glioma,VTI1A,rs11599775-G,3.0000000000000004e-09,-9
glioma,RTEL1,rs2297440-C,7.000000000000001e-10,-10
glioma,MDM4,rs4252707-A,3.0000000000000004e-09,-9
glioma,IDH1,rs7572263-A,2e-10,-10
glioma,OBFC1,rs11598018-C,3.0000000000000004e-08,-8
glioma,AKT3,rs12076373-G,3e-10,-10
glioma,LRIG1,rs11706832-C,8e-09,-9
glioma,MAML2,rs7107785-T,4e-10,-10
glioma,TERT,rs10069690-T,1e-16,-16
glioma,CDKN2A;CDKN2B,rs634537-G,1e-15,-15
glioma,intergenic,rs1275600-T,4e-09,-9
glioma,TP53,rs78378222-G,5e-27,-27
glioma,EGFR,rs75061358-G,2e-08,-8
glioma,PHLDB1,rs12803321-G,6.000000000000001e-43,-43
glioma,RAVER2,rs12752552-T,1e-06,-6
glioma,NR,rs9841110-C,6.000000000000001e-08,-8
glioma,TERT,rs10069690-T,8e-31,-31
glioma,TERT,rs10069690-T,5e-20,-20
glioma,EGFR,rs75061358-G,7e-12,-12
glioma,EGFR,rs75061358-G,2e-09,-9
glioma,EGFR,rs11979158-A,5e-12,-12
glioma,MYC,rs55705857-G,1e-14,-14
glioma,MYC,rs55705857-G,1e-39,-39
glioma,CDKN2B-AS1,rs634537-G,2e-21,-21
glioma,CDKN2B-AS1,rs634537-G,7e-14,-14
glioma,PHLDB1,rs12803321-G,8e-06,-6
glioma,RHBDF1,rs3751667-T,3e-06,-6
glioma,TP53,rs78378222-G,3e-17,-17
glioma,TP53,rs78378222-G,2e-12,-12
glioma,RTEL1,rs2297440-C,4e-21,-21
glioma,RTEL1,rs2297440-C,1e-13,-13
glioma,TERT,rs10069690-T,6e-22,-22
glioma,EGFR,rs75061358-G,3e-16,-16
glioma,EGFR,rs75061358-G,1e-11,-11
glioma,EGFR,rs11979158-A,1e-12,-12
glioma,MYC,rs55705857-G,4e-07,-7
glioma,CDKN2B-AS1,rs634537-G,1e-20,-20
glioma,CDKN2B-AS1,rs634537-G,2e-16,-16
glioma,TP53,rs78378222-G,1e-14,-14
glioma,TP53,rs78378222-G,2e-09,-9
glioma,RTEL1,rs2297440-C,1e-19,-19
glioma,RTEL1,rs2297440-C,1e-16,-16
glioma,NR,rs9841110-C,1e-07,-7
glioma,RAVER2,rs12752552-T,3e-06,-6
glioma,TERT,rs10069690-T,3e-35,-35
glioma,PHLDB1,rs12803321-G,2e-14,-14
glioma,PHLDB1,rs12803321-G,9e-13,-13
glioma,RHBDF1,rs3751667-T,3e-06,-6
glioma,TP53,rs78378222-G,1e-10,-10
glioma,TP53,rs78378222-G,4e-08,-8
glioma,RTEL1,rs2297440-C,3e-07,-7
glioma,TERT,rs10069690-C,1e-06,-6
glioma,TERT,rs10069690-T,2e-06,-6
glioma,MYC,rs55705857-G,8e-36,-36
glioma,MYC,rs55705857-G,2e-65,-65
glioma,CDKN2B-AS1,rs634537-G,3.0000000000000004e-08,-8
glioma,RAVER2,rs12752552-T,4e-09,-9
glioma,MDM4,rs4252707-A,3e-07,-7
glioma,IDH1,rs7572263-A,3e-06,-6
glioma,OBFC1,rs11598018-C,3e-07,-7
glioma,intergenic,rs11233250-C,4.9999999999999996e-06,-6
glioma,AKAP6,rs10131032-G,2e-06,-6
glioma,LMF1,rs3751667-T,9e-10,-10
glioma,HEATR3,rs10852606-C,4e-11,-11
glioma,SLC16A8,rs2235573-G,9e-07,-7
glioma,TERC,rs3772190-G,2e-06,-6
glioma,TERT,rs10069690-T,3e-66,-66
glioma,EGFR,rs75061358-G,4e-27,-27
glioma,CDKN2A;CDKN2B,rs634537-G,1e-45,-45
glioma,ETFA,rs77633900-C,1e-07,-7
glioma,CCDC26,rs55705857-G,1e-78,-78
glioma,TP53,rs78378222-G,8.999999999999999e-38,-38
glioma,PHLDB1,rs498872-A,3.0000000000000004e-09,-9
glioma,RTEL1,rs6010620-G,7e-12,-12
glioma,STK38L,rs10842893-T,2e-12,-12
glioma,RAB27A,rs4774756-C,6.000000000000001e-08,-8
glioma,TERT,rs2736100-C,2e-12,-12
glioma,GRIA4,rs1938964-?,5e-19,-19
glioma,CYP4F12,rs688755-?,2e-08,-8
glioma,AKT3,rs320337-?,3.0000000000000004e-09,-9
glioma,AKT3,rs10927065-?,2e-10,-10
glioma,C2orf80,rs80351950-?,7.000000000000001e-09,-9
glioma,D2HGDH,rs5839764-?,3e-10,-10
glioma,CCDC26,rs72714270-?,9e-14,-14
glioma,CCDC26,rs55705857-?,2e-29,-29
glioma,PHLDB1,rs7125115-?,4e-13,-13
glioma,IDH1,rs7572263-?,3.0000000000000004e-08,-8
glioma,CCDC26,rs72714270-?,1e-10,-10
glioma,CCDC26,rs55705857-?,8e-26,-26
glioma,D2HGDH,rs1106639-?,5e-08,-8
glioma,CCDC26,rs72714236-?,5e-09,-9
glioma,CCDC26,rs55705857-?,2e-16,-16
glioma,PHLDB1,rs7125115-?,2e-09,-9
glioma,intergenic,rs111976262-?,1e-08,-8
glioma,CCDC26,rs72714270-?,7.000000000000001e-10,-10
glioma,CCDC26,rs55705857-?,3e-23,-23
glioma,TERT,rs2736100-?,1e-16,-16
glioma,RTEL1,rs2297433-?,5e-13,-13
glioma,CCDC26,rs72714236-?,4e-08,-8
glioma,CCDC26,rs55705857-?,1e-12,-12
glioma,TERT,rs4975538-?,1e-09,-9
glioma,RTEL1,rs2297433-?,4e-12,-12
glioma,TERT,rs2736100-G,4e-09,-9
glioma,CDKN2BAS,rs4977756-G,1e-08,-8
glioma,RTEL1;TNFRSF6B,rs6010620-G,1e-10,-10
glioma,,rs13126958-?,2e-06,-6
glioma,,rs72968021-?,7e-07,-7
glioma,,rs17521861-?,6e-06,-6
glioma,,rs10745588-?,7e-06,-6
glioma,,rs78518801-?,3e-06,-6
glioma,,rs17681323-?,9e-06,-6
glioma,,rs941446-?,6e-06,-6
glioma,,rs6136889-?,7e-06,-6
glioma,,rs9662128-?,9e-06,-6
glioma,,rs13126958-?,3e-06,-6
glioma,,rs72968021-?,4e-06,-6
glioma,,rs6536707-?,8e-06,-6
glioma,,rs76970177-?,1e-05,-5
glioma,,rs10745588-?,4.9999999999999996e-06,-6
glioma,,rs2098079-?,3e-06,-6
glioma,,rs4133291-?,8e-06,-6
glioma,,rs140553715-?,6e-06,-6
glioma,,rs143972477-?,1e-05,-5
glioma,,rs144606194-?,6e-07,-7
glioma,,rs147974810-?,1e-06,-6
glioma,,rs149549174-?,4e-06,-6
glioma,,rs182643449-?,6e-07,-7
glioma,,rs182648184-?,2e-06,-6
glioma,,rs184687927-?,6e-07,-7
glioma,,rs191548710-?,4.9999999999999996e-06,-6
glioma,,rs34845574-?,6e-07,-7
glioma,,rs566334238-?,2e-06,-6
glioma,,chr12:54245642-?,1e-05,-5
glioma,,chr13:45434239-?,1e-06,-6
glioma,,chr3:50299495-?,6e-06,-6
glioma,,chr8:103298228-?,3e-07,-7
glioma,,rs11083453-?,2e-06,-6
glioma,,chr4:16282684-?,9e-06,-6
glioma,,rs112071502-?,1e-05,-5
glioma,,rs112302973-?,8e-07,-7
glioma,,rs114388338-?,4e-08,-8
glioma,,rs114943885-?,3e-07,-7
glioma,,rs115085852-?,1e-07,-7
glioma,,rs115494618-?,3e-06,-6
glioma,,rs115673444-?,8e-07,-7
glioma,,rs116210243-?,3e-06,-6
glioma,,rs116769988-?,2e-06,-6
glioma,,rs116916198-?,9e-06,-6
glioma,,rs116972198-?,3e-06,-6
glioma,,rs11713726-?,1e-06,-6
glioma,,rs117169070-?,3e-07,-7
glioma,,rs117438544-?,3e-06,-6
glioma,,rs117503141-?,4.9999999999999996e-06,-6
glioma,,rs117609579-?,5e-08,-8
glioma,,rs117860185-?,2e-06,-6
glioma,,rs117897394-?,6e-06,-6
glioma,,rs117906595-?,1e-05,-5
glioma,,rs117924063-?,7e-06,-6
glioma,,rs12438866-?,3e-06,-6
glioma,,rs13080935-?,9e-06,-6
glioma,,rs564398-?,2e-06,-6
glioma,,rs55915819-?,6e-06,-6
glioma,,rs13209912-?,4e-06,-6
glioma,,rs139435777-?,6e-07,-7
glioma,,rs139550257-?,7e-06,-6
glioma,,rs139789975-?,2e-06,-6
glioma,,rs139963676-?,7.000000000000001e-10,-10
glioma,,rs140263331-?,4e-07,-7
glioma,,rs140347028-?,7e-06,-6
glioma,,rs140553715-?,6e-06,-6
glioma,,rs140720182-?,8e-06,-6
glioma,,rs140738838-?,4e-06,-6
glioma,,rs140787618-?,4e-08,-8
glioma,,rs141028798-?,8e-06,-6
glioma,,rs141205120-?,3e-06,-6
glioma,,rs141259753-?,8e-07,-7
glioma,,rs141416942-?,4.9999999999999996e-06,-6
glioma,,rs141482780-?,9e-07,-7
glioma,,rs141572224-?,7e-06,-6
glioma,,rs141636670-?,4e-06,-6
glioma,,rs141946934-?,3e-06,-6
glioma,,rs142599658-?,5e-07,-7
glioma,,rs142603880-?,3e-06,-6
glioma,,rs142721553-?,2e-09,-9
glioma,,rs142818410-?,4e-06,-6
glioma,,rs142951010-?,2e-06,-6
glioma,,rs143395571-?,2e-06,-6
glioma,,rs143509825-?,1e-06,-6
glioma,,rs143792557-?,8e-06,-6
glioma,,rs143933447-?,5e-08,-8
glioma,,rs143972477-?,1e-05,-5
glioma,,rs144459762-?,2e-07,-7
glioma,,rs144606194-?,6e-07,-7
glioma,,rs144899545-?,7e-07,-7
glioma,,rs144940935-?,4e-07,-7
glioma,,rs145080743-?,7e-06,-6
glioma,,rs145406253-?,2e-06,-6
glioma,,rs145895756-?,4.9999999999999996e-06,-6
glioma,,rs146529653-?,1e-07,-7
glioma,,rs146618286-?,8e-06,-6
glioma,,rs146696317-?,6e-07,-7
glioma,,rs146779910-?,2e-06,-6
glioma,,rs146826347-?,4e-06,-6
glioma,,rs147723376-?,2e-06,-6
glioma,,rs147974810-?,1e-06,-6
glioma,,rs148593079-?,2e-06,-6
glioma,,rs149322330-?,1e-06,-6
glioma,,rs149444168-?,2e-07,-7
glioma,,rs149486457-?,8e-07,-7
glioma,,rs149549174-?,4e-06,-6
glioma,,rs149858266-?,9e-07,-7
glioma,,rs149963715-?,7e-06,-6
glioma,,rs150009099-?,4e-06,-6
glioma,,rs150157468-?,4.9999999999999996e-06,-6
glioma,,rs150703949-?,8e-06,-6
glioma,,rs150716547-?,1e-07,-7
glioma,,rs150795318-?,5e-07,-7
glioma,,rs150814656-?,2e-06,-6
glioma,,rs150912727-?,4e-07,-7
glioma,,rs151015173-?,1e-05,-5
glioma,,rs151304541-?,4e-06,-6
glioma,,rs17348900-?,6e-06,-6
glioma,,rs17495345-?,6e-06,-6
glioma,,rs1805374-?,3e-06,-6
glioma,,rs180797395-?,4e-07,-7
glioma,,rs180950937-?,8e-06,-6
glioma,,rs181275719-?,8e-06,-6
glioma,,rs181691322-?,2e-06,-6
glioma,,rs181842156-?,8e-07,-7
glioma,,rs182427113-?,1e-06,-6
glioma,,rs182643449-?,6e-07,-7
glioma,,rs182799338-?,3e-06,-6
glioma,,rs183565350-?,1e-05,-5
glioma,,rs184601116-?,8e-07,-7
glioma,,rs184687927-?,6e-07,-7
glioma,,rs185085093-?,1e-06,-6
glioma,,rs185372267-?,4.9999999999999996e-06,-6
glioma,,rs186113329-?,9e-07,-7
glioma,,rs186216273-?,7e-06,-6
glioma,,rs186861870-?,9e-06,-6
glioma,,rs186948519-?,4e-07,-7
glioma,,rs187285433-?,4e-07,-7
glioma,,rs187390442-?,4e-06,-6
glioma,,rs188478522-?,3e-06,-6
glioma,,rs188646843-?,9e-06,-6
glioma,,rs188729037-?,1e-06,-6
glioma,,rs189225527-?,3.0000000000000004e-08,-8
glioma,,rs189905709-?,3e-06,-6
glioma,,rs189911761-?,9e-06,-6
glioma,,rs190330880-?,1e-08,-8
glioma,,rs190413682-?,9e-06,-6
glioma,,rs190717518-?,9e-06,-6
glioma,,rs191025403-?,1e-06,-6
glioma,,rs191282642-?,2e-06,-6
glioma,,rs191548710-?,4.9999999999999996e-06,-6
glioma,,rs191661641-?,9e-06,-6
glioma,,rs191813150-?,4e-06,-6
glioma,,rs193199071-?,1e-08,-8
glioma,,rs3212683-?,9e-06,-6
glioma,,rs34065403-?,7e-06,-6
glioma,,rs34845574-?,6e-07,-7
glioma,,rs367876580-?,2e-06,-6
glioma,,rs3829388-?,7e-06,-6
glioma,,rs3845305-?,3e-06,-6
glioma,,rs41310022-?,6e-06,-6
glioma,,rs530645344-?,4.9999999999999996e-06,-6
glioma,,rs530795453-?,7e-07,-7
glioma,,rs538559258-?,1e-07,-7
glioma,,rs541342295-?,2e-06,-6
glioma,,rs545386000-?,8e-06,-6
glioma,,rs547455595-?,5e-07,-7
glioma,,rs555498337-?,9e-06,-6
glioma,,rs560825227-?,9e-06,-6
glioma,,rs569184804-?,4.9999999999999996e-06,-6
glioma,,rs570621784-?,6e-07,-7
glioma,,rs573891871-?,2e-06,-6
glioma,,rs59214482-?,6e-07,-7
glioma,,rs61795389-?,4.9999999999999996e-06,-6
glioma,,rs62487378-?,4e-06,-6
glioma,,rs645948-?,4e-06,-6
glioma,,rs67723751-?,3e-06,-6
glioma,,rs72820922-?,4e-06,-6
glioma,,rs72983029-?,4.9999999999999996e-06,-6
glioma,,rs73148382-?,4.9999999999999996e-06,-6
glioma,,rs73152149-?,1e-07,-7
glioma,,rs74321114-?,1e-06,-6
glioma,,rs75495326-?,1e-06,-6
glioma,,rs75851322-?,1e-06,-6
glioma,,rs76169189-?,1e-05,-5
glioma,,rs77636385-?,8e-07,-7
glioma,,rs78248396-?,4e-06,-6
glioma,,rs7839986-?,2e-07,-7
glioma,,rs78439753-?,3e-06,-6
glioma,,rs78457261-?,2e-07,-7
glioma,,rs78485370-?,3e-06,-6
glioma,,rs78881237-?,2e-07,-7
glioma,,rs79274330-?,9e-07,-7
glioma,,rs79386772-?,7e-06,-6
glioma,,rs79603975-?,8e-06,-6
glioma,,rs79797646-?,9e-06,-6
glioma,,rs79909403-?,7e-08,-8
glioma,,rs8005562-?,2e-06,-6
glioma,,rs811802-?,6e-06,-6
glioma,,rs9390969-?,3e-06,-6
glioma,,rs117475990-?,6e-07,-7
glioma,,rs184168599-?,1e-07,-7
glioma,,rs191937054-?,6e-06,-6
glioma,,rs564398-?,1e-07,-7
glioma,,rs749072628-?,8e-06,-6
glioma,,chr17:73227827-?,7e-06,-6
glioma,,chr2:209027354-?,8e-06,-6
glioma,,rs111960372-?,4.9999999999999996e-06,-6
glioma,,rs112326275-?,1e-06,-6
glioma,,rs114172098-?,7e-06,-6
glioma,,rs115396847-?,6e-06,-6
glioma,,rs115712293-?,4.9999999999999996e-06,-6
glioma,,rs117475990-?,6e-07,-7
glioma,,rs117920810-?,9e-06,-6
glioma,,rs11986797-?,3e-06,-6
glioma,,rs12025629-?,9e-06,-6
glioma,,rs139027939-?,9e-06,-6
glioma,,rs140509912-?,7e-07,-7
glioma,,rs140953376-?,3.0000000000000004e-08,-8
glioma,,rs143528410-?,2e-06,-6
glioma,,rs144377347-?,1e-06,-6
glioma,,rs144909475-?,3e-06,-6
glioma,,rs1455558-?,7e-06,-6
glioma,,rs149623843-?,2e-06,-6
glioma,,rs150271015-?,6e-06,-6
glioma,,rs16847994-?,4e-06,-6
glioma,,rs17755482-?,8e-06,-6
glioma,,rs181484081-?,9e-06,-6
glioma,,rs184168599-?,1e-07,-7
glioma,,rs190927527-?,2e-06,-6
glioma,,rs191937054-?,6e-06,-6
glioma,,rs192501830-?,4.9999999999999996e-06,-6
glioma,,rs1934127-?,3e-06,-6
glioma,,rs2183428-?,1e-06,-6
glioma,,rs28372961-?,3e-06,-6
glioma,,rs3101522-?,3e-06,-6
glioma,,rs34961907-?,9e-06,-6
glioma,,rs4515757-?,4e-06,-6
glioma,,rs534382666-?,2e-07,-7
glioma,,rs553177297-?,7e-06,-6
glioma,,rs55708615-?,9e-06,-6
glioma,,rs55915819-?,1e-07,-7
glioma,,rs564398-?,1e-07,-7
glioma,,rs61903468-?,9e-07,-7
glioma,,rs6499459-?,3e-06,-6
glioma,,rs6596825-?,1e-06,-6
glioma,,rs72746794-?,2e-06,-6
glioma,,rs73199475-?,9e-06,-6
glioma,,rs73594632-?,4e-06,-6
glioma,,rs73752068-?,3e-06,-6
glioma,,rs75783028-?,3e-06,-6
glioma,,rs75876067-?,7e-06,-6
glioma,,rs77065729-?,3e-06,-6
glioma,,rs79519496-?,7e-06,-6
glioma,,rs79676455-?,8e-07,-7
glioma,,rs951022-?,9e-06,-6
glioma,,rs9906970-?,2e-06,-6
glioblastoma,SSBP2,rs7732320-T,1e-06,-6
glioblastoma,POLR3B,rs3851634-T,3.0000000000000004e-09,-9
glioblastoma,NR,rs75061358-G,6e-11,-11
glioblastoma,NR,rs145929329-ATT,5e-12,-12
glioblastoma,NR,rs35850753-T,4e-12,-12
glioblastoma,NR,rs6062302-C,1e-13,-13
glioblastoma,NR,rs72709458-T,5.999999999999999e-24,-24
glioblastoma,NR,rs59060240-T,4e-09,-9
glioblastoma,CCDC26,rs55705857-G,9e-07,-7
glioblastoma,LMF1,rs3751667-T,6e-06,-6
glioblastoma,RTEL1,rs2297440-C,4e-46,-46
glioblastoma,MPG,rs2562152-T,2e-08,-8
glioblastoma,SLC16A8,rs2235573-G,2e-10,-10
glioblastoma,RAVER2,rs12752552-T,2e-09,-9
glioblastoma,intergenic,rs11233250-C,1e-09,-9
glioblastoma,HEATR3,rs10852606-C,1e-11,-11
glioblastoma,TERT,rs10069690-T,8e-74,-74
glioblastoma,EGFR,rs75061358-G,4.999999999999999e-34,-34
glioblastoma,EGFR,rs723527-A,4.9999999999999997e-23,-23
glioblastoma,CDKN2A;CDKN2B,rs634537-G,7e-45,-45
glioblastoma,TP53,rs78378222-G,5e-29,-29
glioblastoma,TERT,rs10069690-T,5e-31,-31
glioblastoma,EGFR,rs75061358-G,4e-16,-16
glioblastoma,EGFR,rs723527-A,2e-11,-11
glioblastoma,EGFR,rs11979158-A,2e-10,-10
glioblastoma,CDKN2B,rs634537-G,3.0000000000000002e-15,-15
glioblastoma,TP53,rs78378222-G,4e-13,-13
glioblastoma,RTEL1,rs2297440-C,1e-14,-14
glioblastoma,TERT,rs10069690-T,4e-18,-18
glioblastoma,EGFR,rs75061358-G,7e-12,-12
glioblastoma,CCDC26,rs55705857-G,9e-11,-11
glioblastoma,CDKN2B,rs634537-G,1e-16,-16
glioblastoma,TP53,rs78378222-G,9e-16,-16
glioblastoma,RTEL1,rs2297440-C,8e-13,-13
glioblastoma,TERT,rs10069690-T,4e-33,-33
glioblastoma,EGFR,rs75061358-G,2e-12,-12
glioblastoma,EGFR,rs723527-A,2e-09,-9
glioblastoma,EGFR,rs11979158-A,6.000000000000001e-08,-8
glioblastoma,CDKN2B,rs634537-G,4e-19,-19
glioblastoma,TP53,rs78378222-G,3.0000000000000004e-08,-8
glioblastoma,RTEL1,rs2297440-C,6.999999999999999e-19,-19
glioblastoma,,rs74000618-?,8e-06,-6
glioblastoma,,rs74157061-?,7e-06,-6
glioblastoma,,rs74398127-?,3e-06,-6
glioblastoma,,rs74437820-?,5e-07,-7
glioblastoma,,rs74449676-?,8e-06,-6
glioblastoma,,rs74453556-?,2e-06,-6
glioblastoma,,rs74459093-?,8e-06,-6
glioblastoma,,rs74474046-?,2e-06,-6
glioblastoma,,rs74570571-?,2e-06,-6
glioblastoma,,rs74656309-?,4e-06,-6
glioblastoma,,chr1:225637009-?,3e-06,-6
glioblastoma,,chr1:234961373-?,2e-06,-6
glioblastoma,,chr10:107837289-?,4e-06,-6
glioblastoma,,chr12:70333862-?,7e-07,-7
glioblastoma,,chr12:85330109-?,2e-06,-6
glioblastoma,,chr13:29169648-?,3e-06,-6
glioblastoma,,chr15:88477943-?,5e-07,-7
glioblastoma,,chr19:14047763-?,1e-05,-5
glioblastoma,,chr2:174104037-?,7e-06,-6
glioblastoma,,chr2:176717821-?,7e-06,-6
glioblastoma,,chr20:49846619-?,8e-06,-6
glioblastoma,,chr22:18342895-?,4.9999999999999996e-06,-6
glioblastoma,,chr3:43814768-?,4e-06,-6
glioblastoma,,chr4:28128624-?,1e-06,-6
glioblastoma,,chr4:89017902-?,4.9999999999999996e-06,-6
glioblastoma,,chr5:106502121-?,6e-06,-6
glioblastoma,,chr7:101448677-?,4e-06,-6
glioblastoma,,chr8:79989169-?,5e-07,-7
glioblastoma,,rs10078727-?,1e-06,-6
glioblastoma,,rs10230856-?,5e-07,-7
glioblastoma,,rs10424055-?,3e-07,-7
glioblastoma,,rs10826816-?,8e-06,-6
glioblastoma,,rs111249924-?,4e-06,-6
glioblastoma,,rs111256098-?,8e-06,-6
glioblastoma,,rs111324777-?,4e-06,-6
glioblastoma,,rs111326181-?,7e-08,-8
glioblastoma,,rs111486385-?,2e-06,-6
glioblastoma,,rs111507842-?,9e-06,-6
glioblastoma,,rs111647128-?,2e-06,-6
glioblastoma,,rs111825872-?,2e-06,-6
glioblastoma,,rs111961286-?,3e-06,-6
glioblastoma,,rs111964430-?,7e-06,-6
glioblastoma,,rs112380674-?,4.9999999999999996e-06,-6
glioblastoma,,rs112421171-?,3.0000000000000004e-08,-8
glioblastoma,,rs112444814-?,4e-07,-7
glioblastoma,,rs112560566-?,4e-06,-6
glioblastoma,,rs112647489-?,8e-06,-6
glioblastoma,,rs112663739-?,3e-06,-6
glioblastoma,,rs112706991-?,9e-06,-6
glioblastoma,,rs112726141-?,7e-06,-6
glioblastoma,,rs112802297-?,3e-07,-7
glioblastoma,,rs112817746-?,4.9999999999999996e-06,-6
glioblastoma,,rs112866273-?,8e-06,-6
glioblastoma,,rs112867299-?,8e-06,-6
glioblastoma,,rs112888519-?,5e-07,-7
glioblastoma,,rs112927380-?,7e-06,-6
glioblastoma,,rs113435421-?,8e-06,-6
glioblastoma,,rs113457511-?,6e-06,-6
glioblastoma,,rs113685483-?,1e-05,-5
glioblastoma,,rs113752529-?,2e-06,-6
glioblastoma,,rs113758007-?,3e-06,-6
glioblastoma,,rs113994447-?,7e-06,-6
glioblastoma,,rs114074453-?,3e-06,-6
glioblastoma,,rs114135050-?,6e-07,-7
glioblastoma,,rs114260891-?,8e-06,-6
glioblastoma,,rs114318326-?,2e-06,-6
glioblastoma,,rs114329017-?,5e-07,-7
glioblastoma,,rs114369858-?,4e-06,-6
glioblastoma,,rs114395778-?,1e-05,-5
glioblastoma,,rs114501851-?,4.9999999999999996e-06,-6
glioblastoma,,rs114529545-?,7e-06,-6
glioblastoma,,rs114830825-?,4e-06,-6
glioblastoma,,rs114844599-?,1e-06,-6
glioblastoma,,rs114904661-?,8e-06,-6
glioblastoma,,rs114978194-?,8e-06,-6
glioblastoma,,rs115016203-?,2e-06,-6
glioblastoma,,rs115148931-?,8e-06,-6
glioblastoma,,rs115257641-?,1e-05,-5
glioblastoma,,rs115346678-?,7e-06,-6
glioblastoma,,rs115353915-?,1e-06,-6
glioblastoma,,rs115371317-?,9e-07,-7
glioblastoma,,rs115375599-?,8e-06,-6
glioblastoma,,rs115388350-?,3e-06,-6
glioblastoma,,rs115406227-?,3e-07,-7
glioblastoma,,rs115408977-?,2e-06,-6
glioblastoma,,rs115431060-?,2e-08,-8
glioblastoma,,rs115540604-?,2e-06,-6
glioblastoma,,rs115673444-?,6e-06,-6
glioblastoma,,rs11573168-?,3e-06,-6
glioblastoma,,rs115739359-?,3e-06,-6
glioblastoma,,rs115800801-?,5e-07,-7
glioblastoma,,rs115812569-?,4e-06,-6
glioblastoma,,rs115826149-?,4.9999999999999996e-06,-6
glioblastoma,,rs115889016-?,4e-06,-6
glioblastoma,,rs115942444-?,2e-06,-6
glioblastoma,,rs115989332-?,8e-06,-6
glioblastoma,,rs116019376-?,3e-06,-6
glioblastoma,,rs116030053-?,3e-07,-7
glioblastoma,,rs116101156-?,4e-06,-6
glioblastoma,,rs116176238-?,1e-07,-7
glioblastoma,,rs116246842-?,8e-06,-6
glioblastoma,,rs116283141-?,6e-06,-6
glioblastoma,,rs116393909-?,9e-06,-6
glioblastoma,,rs116394148-?,4.9999999999999996e-06,-6
glioblastoma,,rs116566613-?,4e-07,-7
glioblastoma,,rs116684705-?,9e-06,-6
glioblastoma,,rs116749425-?,6e-06,-6
glioblastoma,,rs116757402-?,4.9999999999999996e-06,-6
glioblastoma,,rs116849330-?,8e-06,-6
glioblastoma,,rs11685006-?,8e-06,-6
glioblastoma,,rs116860519-?,1e-06,-6
glioblastoma,,rs116868835-?,7e-07,-7
glioblastoma,,rs116872986-?,4.9999999999999996e-06,-6
glioblastoma,,rs116898234-?,4.9999999999999996e-06,-6
glioblastoma,,rs116899071-?,3e-07,-7
glioblastoma,,rs116911183-?,3e-06,-6
glioblastoma,,rs116932532-?,8e-06,-6
glioblastoma,,rs116953335-?,2e-06,-6
glioblastoma,,rs117079888-?,8e-06,-6
glioblastoma,,rs117113806-?,1e-06,-6
glioblastoma,,rs117149202-?,4e-06,-6
glioblastoma,,rs117209097-?,4.9999999999999996e-06,-6
glioblastoma,,rs117245768-?,1e-06,-6
glioblastoma,,rs117307229-?,2e-06,-6
glioblastoma,,rs117323000-?,1e-05,-5
glioblastoma,,rs117336193-?,2e-06,-6
glioblastoma,,rs117348925-?,3e-06,-6
glioblastoma,,rs117353833-?,7e-06,-6
glioblastoma,,rs117391968-?,1e-06,-6
glioblastoma,,rs117487814-?,4e-06,-6
glioblastoma,,rs117531342-?,5e-07,-7
glioblastoma,,rs117537112-?,4.9999999999999996e-06,-6
glioblastoma,,rs117551201-?,2e-06,-6
glioblastoma,,rs117552342-?,2e-06,-6
glioblastoma,,rs117596714-?,2e-07,-7
glioblastoma,,rs117609579-?,2e-07,-7
glioblastoma,,rs117767704-?,4e-07,-7
glioblastoma,,rs117832890-?,4e-06,-6
glioblastoma,,rs117833852-?,1e-05,-5
glioblastoma,,rs117855749-?,2e-07,-7
glioblastoma,,rs117955192-?,2e-07,-7
glioblastoma,,rs118034998-?,7e-06,-6
glioblastoma,,rs118062537-?,2e-08,-8
glioblastoma,,rs118068928-?,6e-06,-6
glioblastoma,,rs118081248-?,2e-06,-6
glioblastoma,,rs118129702-?,9e-06,-6
glioblastoma,,rs118156685-?,7e-06,-6
glioblastoma,,rs118188774-?,9e-07,-7
glioblastoma,,rs11933431-?,4.9999999999999996e-06,-6
glioblastoma,,rs11954396-?,4.9999999999999996e-06,-6
glioblastoma,,rs12071504-?,4e-06,-6
glioblastoma,,rs12145358-?,1e-06,-6
glioblastoma,,rs12281401-?,3e-06,-6
glioblastoma,,rs12291824-?,4.9999999999999996e-06,-6
glioblastoma,,rs12323459-?,8e-06,-6
glioblastoma,,rs12326299-?,9e-06,-6
glioblastoma,,rs12376077-?,1e-05,-5
glioblastoma,,rs12421375-?,6e-06,-6
glioblastoma,,rs12504962-?,7e-06,-6
glioblastoma,,rs12641473-?,4e-06,-6
glioblastoma,,rs12787909-?,3.0000000000000004e-08,-8
glioblastoma,,rs12811146-?,9e-06,-6
glioblastoma,,rs12978126-?,6e-06,-6
glioblastoma,,rs12985851-?,7e-06,-6
glioblastoma,,rs12990363-?,4.9999999999999996e-06,-6
glioblastoma,,rs13014348-?,3e-06,-6
glioblastoma,,rs13060129-?,4.9999999999999996e-06,-6
glioblastoma,,rs13068633-?,4e-06,-6
glioblastoma,,rs13080935-?,3e-06,-6
glioblastoma,,rs13201817-?,2e-06,-6
glioblastoma,,rs137951248-?,2e-06,-6
glioblastoma,,rs137961487-?,1e-05,-5
glioblastoma,,rs137975210-?,1e-06,-6
glioblastoma,,rs138105044-?,4.9999999999999996e-06,-6
glioblastoma,,rs138217259-?,8e-06,-6
glioblastoma,,rs138425480-?,2e-06,-6
glioblastoma,,rs138457436-?,2e-07,-7
glioblastoma,,rs138512159-?,4.9999999999999996e-06,-6
glioblastoma,,rs138701609-?,4.9999999999999996e-06,-6
glioblastoma,,rs138941884-?,9e-06,-6
glioblastoma,,rs138955486-?,8e-06,-6
glioblastoma,,rs139142357-?,7e-06,-6
glioblastoma,,rs139171434-?,2e-06,-6
glioblastoma,,rs139212895-?,2e-06,-6
glioblastoma,,rs139241345-?,1e-06,-6
glioblastoma,,rs139606865-?,7e-07,-7
glioblastoma,,rs139639303-?,4e-07,-7
glioblastoma,,rs140005611-?,9e-06,-6
glioblastoma,,rs140128056-?,1e-06,-6
glioblastoma,,rs140164976-?,7e-07,-7
glioblastoma,,rs140194868-?,9e-06,-6
glioblastoma,,rs140196981-?,3e-06,-6
glioblastoma,,rs140230473-?,2e-06,-6
glioblastoma,,rs140314418-?,1e-08,-8
glioblastoma,,rs140429515-?,4.9999999999999996e-06,-6
glioblastoma,,rs140449333-?,2e-06,-6
glioblastoma,,rs140494983-?,3.0000000000000004e-08,-8
glioblastoma,,rs140589476-?,2e-06,-6
glioblastoma,,rs140701429-?,3e-07,-7
glioblastoma,,rs140711410-?,2e-07,-7
glioblastoma,,rs140858343-?,9e-06,-6
glioblastoma,,rs140901102-?,3e-06,-6
glioblastoma,,rs140990868-?,8e-06,-6
glioblastoma,,rs141028798-?,1e-06,-6
glioblastoma,,rs141035725-?,4.9999999999999996e-06,-6
glioblastoma,,rs141045535-?,9e-06,-6
glioblastoma,,rs141051679-?,4.9999999999999996e-06,-6
glioblastoma,,rs141414454-?,3e-06,-6
glioblastoma,,rs141540350-?,7e-06,-6
glioblastoma,,rs141579660-?,5e-09,-9
glioblastoma,,rs141643413-?,8e-06,-6
glioblastoma,,rs141688513-?,9e-06,-6
glioblastoma,,rs141767381-?,1e-06,-6
glioblastoma,,rs141849571-?,3e-06,-6
glioblastoma,,rs141864270-?,9e-06,-6
glioblastoma,,rs141881599-?,1e-06,-6
glioblastoma,,rs142046355-?,7e-06,-6
glioblastoma,,rs142089355-?,9e-06,-6
glioblastoma,,rs142132110-?,2e-07,-7
glioblastoma,,rs142230781-?,2e-07,-7
glioblastoma,,rs142318264-?,7e-06,-6
glioblastoma,,rs142319265-?,3e-06,-6
glioblastoma,,rs142480089-?,4.9999999999999996e-06,-6
glioblastoma,,rs142587589-?,4e-06,-6
glioblastoma,,rs142617794-?,7e-06,-6
glioblastoma,,rs142727392-?,1e-05,-5
glioblastoma,,rs142883567-?,5e-07,-7
glioblastoma,,rs143039986-?,9e-06,-6
glioblastoma,,rs143236305-?,1e-06,-6
glioblastoma,,rs143254906-?,4e-07,-7
glioblastoma,,rs143303439-?,9e-06,-6
glioblastoma,,rs143359610-?,3e-06,-6
glioblastoma,,rs143610061-?,4.9999999999999996e-06,-6
glioblastoma,,rs143625857-?,7e-06,-6
glioblastoma,,rs143674775-?,2e-06,-6
glioblastoma,,rs143774733-?,2e-06,-6
glioblastoma,,rs143792647-?,9e-07,-7
glioblastoma,,rs143858423-?,4e-07,-7
glioblastoma,,rs143875639-?,1e-06,-6
glioblastoma,,rs143899146-?,4.9999999999999996e-06,-6
glioblastoma,,rs143921500-?,3e-06,-6
glioblastoma,,rs144027845-?,9e-07,-7
glioblastoma,,rs144043649-?,2e-06,-6
glioblastoma,,rs144118728-?,3e-06,-6
glioblastoma,,rs144139535-?,8e-06,-6
glioblastoma,,rs144248440-?,2e-07,-7
glioblastoma,,rs144249391-?,2e-07,-7
glioblastoma,,rs144359450-?,1e-06,-6
glioblastoma,,rs144378268-?,2e-06,-6
glioblastoma,,rs144450088-?,1e-07,-7
glioblastoma,,rs144453639-?,4.9999999999999996e-06,-6
glioblastoma,,rs1446093-?,6e-06,-6
glioblastoma,,rs144624209-?,3e-06,-6
glioblastoma,,rs144770991-?,4e-06,-6
glioblastoma,,rs144803643-?,5e-07,-7
glioblastoma,,rs145029933-?,1e-06,-6
glioblastoma,,rs145215785-?,1e-07,-7
glioblastoma,,rs145341052-?,3e-06,-6
glioblastoma,,rs145404341-?,5e-07,-7
glioblastoma,,rs145462085-?,1e-06,-6
glioblastoma,,rs145739077-?,3e-06,-6
glioblastoma,,rs145763685-?,2e-06,-6
glioblastoma,,rs145836617-?,1e-06,-6
glioblastoma,,rs145869735-?,9e-06,-6
glioblastoma,,rs146024878-?,8e-06,-6
glioblastoma,,rs146222718-?,4.9999999999999996e-06,-6
glioblastoma,,rs146407921-?,4e-07,-7
glioblastoma,,rs146588288-?,8e-06,-6
glioblastoma,,rs146625909-?,2e-06,-6
glioblastoma,,rs146692708-?,9e-07,-7
glioblastoma,,rs146733833-?,3e-06,-6
glioblastoma,,rs146751883-?,4e-06,-6
glioblastoma,,rs146875904-?,3e-06,-6
glioblastoma,,rs146968169-?,2e-07,-7
glioblastoma,,rs147295934-?,4e-07,-7
glioblastoma,,rs147390056-?,3.0000000000000004e-08,-8
glioblastoma,,rs147401799-?,6e-06,-6
glioblastoma,,rs147723376-?,4e-07,-7
glioblastoma,,rs147869779-?,4.9999999999999996e-06,-6
glioblastoma,,rs147893976-?,7e-06,-6
glioblastoma,,rs148339006-?,7e-06,-6
glioblastoma,,rs148362484-?,1e-06,-6
glioblastoma,,rs148533627-?,2e-06,-6
glioblastoma,,rs148537820-?,3e-06,-6
glioblastoma,,rs148593079-?,1e-05,-5
glioblastoma,,rs148609784-?,4.9999999999999996e-06,-6
glioblastoma,,rs148674037-?,9e-06,-6
glioblastoma,,rs148840588-?,3e-06,-6
glioblastoma,,rs148978372-?,8e-06,-6
glioblastoma,,rs149062095-?,4e-06,-6
glioblastoma,,rs149071574-?,9e-06,-6
glioblastoma,,rs149115656-?,1e-06,-6
glioblastoma,,rs149122257-?,4.9999999999999996e-06,-6
glioblastoma,,rs149166356-?,2e-06,-6
glioblastoma,,rs149284311-?,1e-06,-6
glioblastoma,,rs149300607-?,1e-06,-6
glioblastoma,,rs149301239-?,4e-06,-6
glioblastoma,,rs149556600-?,2e-06,-6
glioblastoma,,rs149612216-?,1e-06,-6
glioblastoma,,rs149722701-?,4.9999999999999996e-06,-6
glioblastoma,,rs149796567-?,3e-06,-6
glioblastoma,,rs149883126-?,4e-06,-6
glioblastoma,,rs150150195-?,7e-06,-6
glioblastoma,,rs150214405-?,1e-06,-6
glioblastoma,,rs150256899-?,2e-06,-6
glioblastoma,,rs150271229-?,2e-06,-6
glioblastoma,,rs150306012-?,1e-05,-5
glioblastoma,,rs150362038-?,2e-06,-6
glioblastoma,,rs150388591-?,2e-08,-8
glioblastoma,,rs150497864-?,4.9999999999999996e-06,-6
glioblastoma,,rs1505586-?,2e-06,-6
glioblastoma,,rs150801868-?,2e-06,-6
glioblastoma,,rs150870868-?,6e-06,-6
glioblastoma,,rs151054641-?,1e-07,-7
glioblastoma,,rs151237156-?,7e-06,-6
glioblastoma,,rs16896297-?,2e-07,-7
glioblastoma,,rs17030806-?,4.9999999999999996e-06,-6
glioblastoma,,rs17043204-?,4.9999999999999996e-06,-6
glioblastoma,,rs17043481-?,7e-06,-6
glioblastoma,,rs17054239-?,4.9999999999999996e-06,-6
glioblastoma,,rs17124582-?,4e-06,-6
glioblastoma,,rs17244307-?,2e-06,-6
glioblastoma,,rs1729133-?,7e-06,-6
glioblastoma,,rs17444853-?,9e-06,-6
glioblastoma,,rs17469415-?,4e-06,-6
glioblastoma,,rs17647506-?,6e-06,-6
glioblastoma,,rs17710991-?,1e-05,-5
glioblastoma,,rs17725969-?,2e-07,-7
glioblastoma,,rs17773901-?,3e-06,-6
glioblastoma,,rs180713183-?,4e-06,-6
glioblastoma,,rs180805094-?,3e-06,-6
glioblastoma,,rs180950937-?,1e-07,-7
glioblastoma,,rs181018912-?,7e-06,-6
glioblastoma,,rs181275719-?,1e-06,-6
glioblastoma,,rs181429443-?,7e-06,-6
glioblastoma,,rs181469246-?,3e-06,-6
glioblastoma,,rs181569363-?,4.9999999999999996e-06,-6
glioblastoma,,rs181588051-?,3e-06,-6
glioblastoma,,rs181651409-?,4.9999999999999996e-06,-6
glioblastoma,,rs182167367-?,9e-06,-6
glioblastoma,,rs182477181-?,6e-06,-6
glioblastoma,,rs182548820-?,2e-08,-8
glioblastoma,,rs182572253-?,9e-08,-8
glioblastoma,,rs182597424-?,5e-07,-7
glioblastoma,,rs182720187-?,8e-07,-7
glioblastoma,,rs182874906-?,1e-05,-5
glioblastoma,,rs183257767-?,4e-06,-6
glioblastoma,,rs183385675-?,3e-06,-6
glioblastoma,,rs183454872-?,3e-07,-7
glioblastoma,,rs183540549-?,8e-06,-6
glioblastoma,,rs184020470-?,6e-06,-6
glioblastoma,,rs184053695-?,3e-06,-6
glioblastoma,,rs184055314-?,1e-06,-6
glioblastoma,,rs184112038-?,4e-06,-6
glioblastoma,,rs184349106-?,9e-06,-6
glioblastoma,,rs184470002-?,6e-06,-6
glioblastoma,,rs184523096-?,1e-07,-7
glioblastoma,,rs184702616-?,8e-06,-6
glioblastoma,,rs184833898-?,9e-06,-6
glioblastoma,,rs185059648-?,2e-06,-6
glioblastoma,,rs185123981-?,4e-06,-6
glioblastoma,,rs185501377-?,2e-06,-6
glioblastoma,,rs185553959-?,5e-07,-7
glioblastoma,,rs186370342-?,2e-06,-6
glioblastoma,,rs186984001-?,6e-06,-6
glioblastoma,,rs187079057-?,6e-06,-6
glioblastoma,,rs187225666-?,9e-07,-7
glioblastoma,,rs187322128-?,1e-05,-5
glioblastoma,,rs187356387-?,8e-06,-6
glioblastoma,,rs1873752-?,2e-06,-6
glioblastoma,,rs187498847-?,1e-07,-7
glioblastoma,,rs187599478-?,4e-06,-6
glioblastoma,,rs187675208-?,3.0000000000000004e-08,-8
glioblastoma,,rs187828189-?,5e-07,-7
glioblastoma,,rs187837723-?,2e-06,-6
glioblastoma,,rs187954477-?,4.9999999999999996e-06,-6
glioblastoma,,rs188093624-?,4e-06,-6
glioblastoma,,rs188105734-?,1e-06,-6
glioblastoma,,rs188117810-?,3e-06,-6
glioblastoma,,rs188173401-?,6.000000000000001e-09,-9
glioblastoma,,rs188272849-?,4e-06,-6
glioblastoma,,rs188527649-?,2e-06,-6
glioblastoma,,rs188759633-?,7e-06,-6
glioblastoma,,rs188936023-?,3e-06,-6
glioblastoma,,rs189341148-?,6e-07,-7
glioblastoma,,rs189505696-?,4.9999999999999996e-06,-6
glioblastoma,,rs189518024-?,2e-06,-6
glioblastoma,,rs189545890-?,4.9999999999999996e-06,-6
glioblastoma,,rs189738842-?,5e-07,-7
glioblastoma,,rs189831685-?,6e-06,-6
glioblastoma,,rs189847800-?,8e-06,-6
glioblastoma,,rs189911761-?,4.9999999999999996e-06,-6
glioblastoma,,rs190068978-?,5e-08,-8
glioblastoma,,rs190330880-?,6e-06,-6
glioblastoma,,rs190441790-?,8e-06,-6
glioblastoma,,rs190768506-?,6e-06,-6
glioblastoma,,rs190861735-?,1e-06,-6
glioblastoma,,rs190965511-?,8e-07,-7
glioblastoma,,rs191170683-?,9e-06,-6
glioblastoma,,rs191227156-?,2e-06,-6
glioblastoma,,rs191231158-?,1e-07,-7
glioblastoma,,rs191583081-?,2e-06,-6
glioblastoma,,rs191636053-?,4e-06,-6
glioblastoma,,rs191695598-?,3e-06,-6
glioblastoma,,rs191772972-?,4e-06,-6
glioblastoma,,rs191774809-?,2e-06,-6
glioblastoma,,rs191813150-?,4e-06,-6
glioblastoma,,rs191879513-?,6e-06,-6
glioblastoma,,rs192237270-?,2e-06,-6
glioblastoma,,rs192246627-?,8e-06,-6
glioblastoma,,rs192499123-?,8e-06,-6
glioblastoma,,rs192629773-?,8e-06,-6
glioblastoma,,rs192693810-?,1e-05,-5
glioblastoma,,rs192750724-?,4e-06,-6
glioblastoma,,rs192900905-?,9e-06,-6
glioblastoma,,rs192908629-?,8e-07,-7
glioblastoma,,rs192974482-?,6e-06,-6
glioblastoma,,rs193023908-?,8e-06,-6
glioblastoma,,rs193069209-?,8e-06,-6
glioblastoma,,rs193179793-?,4.9999999999999996e-06,-6
glioblastoma,,rs193187482-?,6e-06,-6
glioblastoma,,rs193199270-?,4e-06,-6
glioblastoma,,rs193232190-?,3e-06,-6
glioblastoma,,rs2551801-?,2e-06,-6
glioblastoma,,rs2807558-?,1e-05,-5
glioblastoma,,rs28452579-?,8e-06,-6
glioblastoma,,rs28849673-?,8e-06,-6
glioblastoma,,rs2953527-?,2e-07,-7
glioblastoma,,rs2962999-?,4e-07,-7
glioblastoma,,rs2975924-?,3e-06,-6
glioblastoma,,rs3212683-?,9e-07,-7
glioblastoma,,rs34536564-?,2e-06,-6
glioblastoma,,rs34543075-?,1e-07,-7
glioblastoma,,rs35021556-?,1e-07,-7
glioblastoma,,rs35151883-?,2e-06,-6
glioblastoma,,rs35273351-?,1e-06,-6
glioblastoma,,rs35409061-?,7e-06,-6
glioblastoma,,rs35524602-?,3e-06,-6
glioblastoma,,rs35753136-?,3e-06,-6
glioblastoma,,rs35786058-?,3e-06,-6
glioblastoma,,chr16:72530656-?,7e-06,-6
glioblastoma,,rs370105469-?,2e-06,-6
glioblastoma,,rs370340205-?,9e-06,-6
glioblastoma,,rs372934830-?,6e-06,-6
glioblastoma,,rs373858356-?,9e-06,-6
glioblastoma,,rs375145986-?,2e-06,-6
glioblastoma,,rs3865551-?,6e-06,-6
glioblastoma,,rs3913362-?,7e-06,-6
glioblastoma,,rs41283421-?,6e-06,-6
glioblastoma,,rs41293373-?,1e-06,-6
glioblastoma,,rs41298549-?,4.9999999999999996e-06,-6
glioblastoma,,rs45571136-?,6e-06,-6
glioblastoma,,rs45623236-?,1e-05,-5
glioblastoma,,rs4708013-?,3e-06,-6
glioblastoma,,rs4818184-?,7e-06,-6
glioblastoma,,rs533502319-?,4e-06,-6
glioblastoma,,rs535502072-?,4.9999999999999996e-06,-6
glioblastoma,,rs536452290-?,2e-06,-6
glioblastoma,,rs539201456-?,1e-05,-5
glioblastoma,,rs542163276-?,1e-06,-6
glioblastoma,,rs543121870-?,9e-06,-6
glioblastoma,,rs545272078-?,3e-07,-7
glioblastoma,,rs546569239-?,4e-06,-6
glioblastoma,,rs547782875-?,2e-06,-6
glioblastoma,,rs548197650-?,1e-06,-6
glioblastoma,,rs551834055-?,3e-06,-6
glioblastoma,,rs552228320-?,3.0000000000000004e-08,-8
glioblastoma,,rs55643163-?,4e-07,-7
glioblastoma,,rs55705742-?,6e-07,-7
glioblastoma,,rs55788050-?,9e-07,-7
glioblastoma,,rs55827398-?,4e-06,-6
glioblastoma,,rs561281612-?,5e-07,-7
glioblastoma,,rs561611917-?,8e-07,-7
glioblastoma,,rs562567583-?,2e-07,-7
glioblastoma,,rs56376502-?,8e-06,-6
glioblastoma,,rs564284198-?,5e-09,-9
glioblastoma,,rs565086509-?,3e-07,-7
glioblastoma,,rs565112359-?,4.9999999999999996e-06,-6
glioblastoma,,rs568683011-?,3e-07,-7
glioblastoma,,rs570165514-?,6e-07,-7
glioblastoma,,rs570953989-?,6.000000000000001e-08,-8
glioblastoma,,rs572255040-?,4.9999999999999996e-06,-6
glioblastoma,,rs572752955-?,1e-06,-6
glioblastoma,,rs572820010-?,1e-08,-8
glioblastoma,,rs573425250-?,2e-06,-6
glioblastoma,,rs574019902-?,1e-05,-5
glioblastoma,,rs575481653-?,3e-06,-6
glioblastoma,,rs576238191-?,4e-06,-6
glioblastoma,,rs576324823-?,1e-06,-6
glioblastoma,,rs577354575-?,5e-07,-7
glioblastoma,,rs6040316-?,9e-06,-6
glioblastoma,,rs6093813-?,4.9999999999999996e-06,-6
glioblastoma,,rs61754200-?,2e-06,-6
glioblastoma,,rs61818951-?,7e-06,-6
glioblastoma,,rs61870246-?,3.0000000000000004e-09,-9
glioblastoma,,rs62167658-?,8e-06,-6
glioblastoma,,rs62200310-?,6e-07,-7
glioblastoma,,rs62271662-?,9e-06,-6
glioblastoma,,rs62315358-?,5e-07,-7
glioblastoma,,rs62392926-?,3e-06,-6
glioblastoma,,rs62434527-?,2e-06,-6
glioblastoma,,rs62439831-?,4.9999999999999996e-06,-6
glioblastoma,,rs639070-?,1e-06,-6
glioblastoma,,rs6429429-?,4.9999999999999996e-06,-6
glioblastoma,,rs6479694-?,7e-06,-6
glioblastoma,,rs6673287-?,3e-06,-6
glioblastoma,,rs6865382-?,8e-06,-6
glioblastoma,,rs698945-?,3e-07,-7
glioblastoma,,rs71141714-?,4e-06,-6
glioblastoma,,rs7154578-?,8e-06,-6
glioblastoma,,rs7155701-?,1e-06,-6
glioblastoma,,rs72689191-?,3e-06,-6
glioblastoma,,rs72695474-?,4e-06,-6
glioblastoma,,rs72721086-?,9e-06,-6
glioblastoma,,rs72731219-?,3e-06,-6
glioblastoma,,rs72742516-?,6e-06,-6
glioblastoma,,rs72768745-?,2e-06,-6
glioblastoma,,rs72776027-?,4e-06,-6
glioblastoma,,rs72776879-?,9e-07,-7
glioblastoma,,rs72806076-?,3e-06,-6
glioblastoma,,rs72827576-?,6e-06,-6
glioblastoma,,rs72849575-?,4.9999999999999996e-06,-6
glioblastoma,,rs72865837-?,3.0000000000000004e-09,-9
glioblastoma,,rs72938764-?,4e-06,-6
glioblastoma,,rs72991844-?,6e-07,-7
glioblastoma,,rs73137358-?,6e-06,-6
glioblastoma,,rs73147440-?,8e-07,-7
glioblastoma,,rs73157790-?,1e-05,-5
glioblastoma,,rs73235098-?,2e-06,-6
glioblastoma,,rs73364738-?,8e-06,-6
glioblastoma,,rs73382910-?,7e-06,-6
glioblastoma,,rs73658220-?,8e-07,-7
glioblastoma,,rs7369944-?,6e-06,-6
glioblastoma,,rs73719061-?,6e-06,-6
glioblastoma,,rs74770020-?,2e-07,-7
glioblastoma,,rs75005457-?,2e-06,-6
glioblastoma,,rs75069127-?,4e-07,-7
glioblastoma,,rs75241642-?,2e-06,-6
glioblastoma,,rs75257662-?,4e-06,-6
glioblastoma,,rs75307161-?,6e-07,-7
glioblastoma,,rs75396876-?,2e-06,-6
glioblastoma,,rs755368-?,2e-06,-6
glioblastoma,,rs75565743-?,9e-06,-6
glioblastoma,,rs75599674-?,9e-06,-6
glioblastoma,,rs75601886-?,1e-05,-5
glioblastoma,,rs75602075-?,4e-06,-6
glioblastoma,,rs75625056-?,9e-06,-6
glioblastoma,,rs75626985-?,6e-06,-6
glioblastoma,,rs75685392-?,1e-06,-6
glioblastoma,,rs75701467-?,9e-06,-6
glioblastoma,,rs75706225-?,7e-06,-6
glioblastoma,,rs75756979-?,9e-07,-7
glioblastoma,,rs75798130-?,6e-06,-6
glioblastoma,,rs75851322-?,4e-07,-7
glioblastoma,,rs75986277-?,1e-06,-6
glioblastoma,,rs76055328-?,2e-06,-6
glioblastoma,,rs76070203-?,8e-06,-6
glioblastoma,,rs76084743-?,2e-06,-6
glioblastoma,,rs76422724-?,4.9999999999999996e-06,-6
glioblastoma,,rs76445346-?,1e-06,-6
glioblastoma,,rs76545353-?,2e-06,-6
glioblastoma,,rs76552574-?,3e-06,-6
glioblastoma,,rs76771408-?,7e-06,-6
glioblastoma,,rs77066658-?,8e-06,-6
glioblastoma,,rs77073849-?,1e-05,-5
glioblastoma,,rs77177269-?,7e-06,-6
glioblastoma,,rs77285401-?,6e-06,-6
glioblastoma,,rs77419321-?,4e-06,-6
glioblastoma,,rs77482787-?,4e-06,-6
glioblastoma,,rs77519832-?,3e-06,-6
glioblastoma,,rs77623147-?,9e-06,-6
glioblastoma,,rs77706512-?,8e-06,-6
glioblastoma,,rs77748548-?,2e-06,-6
glioblastoma,,rs77860969-?,2e-06,-6
glioblastoma,,rs78019862-?,2e-06,-6
glioblastoma,,rs78036371-?,3e-06,-6
glioblastoma,,rs78052195-?,1e-07,-7
glioblastoma,,rs78109720-?,8e-06,-6
glioblastoma,,rs78181021-?,2e-06,-6
glioblastoma,,rs78204099-?,4e-06,-6
glioblastoma,,rs78263530-?,9e-08,-8
glioblastoma,,rs78272063-?,9e-06,-6
glioblastoma,,rs78387405-?,4.9999999999999996e-06,-6
glioblastoma,,rs78538369-?,8e-08,-8
glioblastoma,,rs78877887-?,8e-06,-6
glioblastoma,,rs78933558-?,4.9999999999999996e-06,-6
glioblastoma,,rs78936767-?,4e-06,-6
glioblastoma,,rs78964547-?,6e-06,-6
glioblastoma,,rs78966271-?,8e-08,-8
glioblastoma,,rs79343488-?,5e-07,-7
glioblastoma,,rs79448037-?,7e-06,-6
glioblastoma,,rs79629155-?,8e-07,-7
glioblastoma,,rs79737742-?,7e-06,-6
glioblastoma,,rs79772796-?,3e-07,-7
glioblastoma,,rs79805888-?,7e-06,-6
glioblastoma,,rs79909403-?,7e-06,-6
glioblastoma,,rs79925658-?,1e-05,-5
glioblastoma,,rs79932869-?,1e-06,-6
glioblastoma,,rs80059635-?,2e-06,-6
glioblastoma,,rs80083471-?,3e-06,-6
glioblastoma,,rs80285751-?,9e-06,-6
glioblastoma,,rs80334578-?,3e-06,-6
glioblastoma,,rs8105118-?,6e-06,-6
glioblastoma,,rs9315452-?,2e-06,-6
glioblastoma,,rs9439581-?,6.000000000000001e-08,-8
glioblastoma,,rs977111-?,3e-06,-6
glioblastoma,,rs999733-?,7e-07,-7
glioblastoma,,chr1:225637009-?,4e-07,-7
glioblastoma,,chr10:107837289-?,3e-06,-6
glioblastoma,,chr10:6252834-?,9e-06,-6
glioblastoma,,chr12:70333862-?,2e-06,-6
glioblastoma,,chr13:29169648-?,3e-06,-6
glioblastoma,,chr4:28128624-?,4.9999999999999996e-06,-6
glioblastoma,,chr6:49663949-?,4e-06,-6
glioblastoma,,chr8:126280482-?,3e-06,-6
glioblastoma,,chr8:79989169-?,4.9999999999999996e-06,-6
glioblastoma,,chr8:94516088-?,3e-06,-6
glioblastoma,,rs1030555-?,3e-06,-6
glioblastoma,,rs1050842-?,8e-06,-6
glioblastoma,,rs10788727-?,9e-07,-7
glioblastoma,,rs10942276-?,1e-06,-6
glioblastoma,,rs10990845-?,1e-05,-5
glioblastoma,,rs11083453-?,6e-06,-6
glioblastoma,,rs111249924-?,3e-06,-6
glioblastoma,,rs111324777-?,4e-06,-6
glioblastoma,,rs111326181-?,7e-07,-7
glioblastoma,,rs111486385-?,2e-06,-6
glioblastoma,,rs111647128-?,2e-06,-6
glioblastoma,,rs11175890-?,1e-05,-5
glioblastoma,,rs112326275-?,9e-07,-7
glioblastoma,,rs112380674-?,7e-06,-6
glioblastoma,,rs112421171-?,4e-07,-7
glioblastoma,,rs112560566-?,4e-06,-6
glioblastoma,,rs112647489-?,8e-06,-6
glioblastoma,,rs112726141-?,7e-06,-6
glioblastoma,,rs112867299-?,8e-06,-6
glioblastoma,,rs112888519-?,5e-07,-7
glioblastoma,,rs112964125-?,3e-07,-7
glioblastoma,,rs113336870-?,8e-06,-6
glioblastoma,,rs113685483-?,1e-05,-5
glioblastoma,,rs113758007-?,3e-06,-6
glioblastoma,,rs113837429-?,4e-06,-6
glioblastoma,,rs114074453-?,3e-06,-6
glioblastoma,,rs114135050-?,2e-07,-7
glioblastoma,,rs114168184-?,6e-06,-6
glioblastoma,,rs114172098-?,9e-07,-7
glioblastoma,,rs114233838-?,6e-07,-7
glioblastoma,,rs114260891-?,8e-06,-6
glioblastoma,,rs114318326-?,2e-06,-6
glioblastoma,,rs114369858-?,4e-06,-6
glioblastoma,,rs114395778-?,4.9999999999999996e-06,-6
glioblastoma,,rs114485298-?,4.9999999999999996e-06,-6
glioblastoma,,rs114844599-?,6e-06,-6
glioblastoma,,rs114858010-?,2e-06,-6
glioblastoma,,rs114904661-?,8e-06,-6
glioblastoma,,rs114978194-?,8e-06,-6
glioblastoma,,rs115371317-?,1e-06,-6
glioblastoma,,rs115408977-?,2e-06,-6
glioblastoma,,rs115428224-?,4e-06,-6
glioblastoma,,rs115431060-?,2e-08,-8
glioblastoma,,rs115477444-?,4.9999999999999996e-06,-6
glioblastoma,,rs115673444-?,6e-06,-6
glioblastoma,,rs11569586-?,6e-06,-6
glioblastoma,,rs115800801-?,5e-07,-7
glioblastoma,,rs115826149-?,4.9999999999999996e-06,-6
glioblastoma,,rs115889016-?,4e-06,-6
glioblastoma,,rs115942444-?,2e-06,-6
glioblastoma,,rs115989332-?,8e-06,-6
glioblastoma,,rs116019376-?,3e-06,-6
glioblastoma,,rs116030053-?,3e-07,-7
glioblastoma,,rs116246842-?,8e-06,-6
glioblastoma,,rs116394148-?,3e-06,-6
glioblastoma,,rs116566613-?,4e-07,-7
glioblastoma,,rs116684705-?,9e-06,-6
glioblastoma,,rs116757402-?,4.9999999999999996e-06,-6
glioblastoma,,rs116872986-?,3e-06,-6
glioblastoma,,rs116898234-?,4.9999999999999996e-06,-6
glioblastoma,,rs117144308-?,9e-06,-6
glioblastoma,,rs117307229-?,4.9999999999999996e-06,-6
glioblastoma,,rs117323000-?,7e-06,-6
glioblastoma,,rs117336193-?,2e-06,-6
glioblastoma,,rs117348925-?,2e-06,-6
glioblastoma,,rs117391968-?,1e-06,-6
glioblastoma,,rs117531342-?,2e-06,-6
glioblastoma,,rs117551201-?,2e-06,-6
glioblastoma,,rs117589347-?,4e-06,-6
glioblastoma,,rs117596714-?,8e-06,-6
glioblastoma,,rs117607989-?,8e-06,-6
glioblastoma,,rs117609579-?,2e-07,-7
glioblastoma,,rs117767704-?,4e-07,-7
glioblastoma,,rs117855749-?,3e-07,-7
glioblastoma,,rs117920810-?,7e-06,-6
glioblastoma,,rs117997295-?,7e-06,-6
glioblastoma,,rs11813871-?,4.9999999999999996e-06,-6
glioblastoma,,rs11958614-?,1e-06,-6
glioblastoma,,rs12345442-?,1e-06,-6
glioblastoma,,rs12380579-?,7e-06,-6
glioblastoma,,rs12523332-?,4e-06,-6
glioblastoma,,rs12787909-?,3e-07,-7
glioblastoma,,rs12978126-?,2e-07,-7
glioblastoma,,rs13014348-?,1e-06,-6
glioblastoma,,rs13080935-?,3e-06,-6
glioblastoma,,rs137951248-?,7e-06,-6
glioblastoma,,rs138094362-?,6e-06,-6
glioblastoma,,rs138299766-?,9e-06,-6
glioblastoma,,rs138457436-?,5e-07,-7
glioblastoma,,rs138512159-?,4.9999999999999996e-06,-6
glioblastoma,,rs138561978-?,7e-06,-6
glioblastoma,,rs138701609-?,7e-06,-6
glioblastoma,,rs138909386-?,9e-06,-6
glioblastoma,,rs138955486-?,8e-06,-6
glioblastoma,,rs139171434-?,2e-06,-6
glioblastoma,,rs139212895-?,2e-06,-6
glioblastoma,,rs139606865-?,2e-06,-6
glioblastoma,,rs139639303-?,4e-07,-7
glioblastoma,,rs140005611-?,9e-06,-6
glioblastoma,,rs140027401-?,4.9999999999999996e-06,-6
glioblastoma,,rs140164976-?,7e-07,-7
glioblastoma,,rs140194868-?,9e-06,-6
glioblastoma,,rs140196981-?,3e-06,-6
glioblastoma,,rs140230473-?,2e-06,-6
glioblastoma,,rs140314418-?,1e-08,-8
glioblastoma,,rs140449333-?,2e-06,-6
glioblastoma,,rs140494983-?,3e-06,-6
glioblastoma,,rs140509912-?,2e-06,-6
glioblastoma,,rs140566679-?,9e-06,-6
glioblastoma,,rs140589476-?,2e-06,-6
glioblastoma,,rs140862300-?,8e-06,-6
glioblastoma,,rs140901102-?,3e-06,-6
glioblastoma,,rs140953376-?,2e-08,-8
glioblastoma,,rs140990868-?,8e-06,-6
glioblastoma,,rs141028798-?,1e-06,-6
glioblastoma,,rs141035725-?,4.9999999999999996e-06,-6
glioblastoma,,rs141051679-?,4.9999999999999996e-06,-6
glioblastoma,,rs141523159-?,7e-06,-6
glioblastoma,,rs141579660-?,5e-09,-9
glioblastoma,,rs141643413-?,8e-06,-6
glioblastoma,,rs141688513-?,9e-06,-6
glioblastoma,,rs141849571-?,3e-06,-6
glioblastoma,,rs141864270-?,3e-06,-6
glioblastoma,,rs141881599-?,1e-06,-6
glioblastoma,,rs141946934-?,4.9999999999999996e-06,-6
glioblastoma,,rs142046355-?,4.9999999999999996e-06,-6
glioblastoma,,rs142089355-?,9e-06,-6
glioblastoma,,rs142230781-?,2e-07,-7
glioblastoma,,rs142318264-?,2e-06,-6
glioblastoma,,rs142319265-?,3e-06,-6
glioblastoma,,rs142727392-?,1e-05,-5
glioblastoma,,rs143236305-?,1e-06,-6
glioblastoma,,rs143359610-?,1e-06,-6
glioblastoma,,rs143610061-?,4.9999999999999996e-06,-6
glioblastoma,,rs143674775-?,2e-06,-6
glioblastoma,,rs143774733-?,2e-06,-6
glioblastoma,,rs143792647-?,5e-07,-7
glioblastoma,,rs143858423-?,4e-07,-7
glioblastoma,,rs143875639-?,1e-06,-6
glioblastoma,,rs143921500-?,3e-06,-6
glioblastoma,,rs144027845-?,9e-07,-7
glioblastoma,,rs144043649-?,2e-06,-6
glioblastoma,,rs144139535-?,8e-06,-6
glioblastoma,,rs144248440-?,2e-07,-7
glioblastoma,,rs144249391-?,2e-07,-7
glioblastoma,,rs144359450-?,1e-06,-6
glioblastoma,,rs144378268-?,2e-06,-6
glioblastoma,,rs144450088-?,1e-07,-7
glioblastoma,,rs144478061-?,3e-06,-6
glioblastoma,,rs1446093-?,8e-07,-7
glioblastoma,,rs144909475-?,4.9999999999999996e-06,-6
glioblastoma,,rs145029933-?,1e-06,-6
glioblastoma,,rs145215785-?,1e-07,-7
glioblastoma,,rs145404341-?,3e-06,-6
glioblastoma,,rs145678181-?,2e-06,-6
glioblastoma,,rs145763685-?,2e-06,-6
glioblastoma,,rs145829990-?,7e-07,-7
glioblastoma,,rs145836617-?,1e-06,-6
glioblastoma,,rs145869735-?,9e-06,-6
glioblastoma,,rs146024878-?,8e-06,-6
glioblastoma,,rs146222718-?,4.9999999999999996e-06,-6
glioblastoma,,rs146310205-?,4.9999999999999996e-06,-6
glioblastoma,,rs146407921-?,4e-07,-7
glioblastoma,,rs146431079-?,8e-06,-6
glioblastoma,,rs146588288-?,8e-06,-6
glioblastoma,,rs146625909-?,2e-06,-6
glioblastoma,,rs146733833-?,3e-06,-6
glioblastoma,,rs146877721-?,8e-06,-6
glioblastoma,,rs1470549-?,7e-06,-6
glioblastoma,,rs147295934-?,4e-07,-7
glioblastoma,,rs147390056-?,3.0000000000000004e-08,-8
glioblastoma,,rs147394559-?,4.9999999999999996e-06,-6
glioblastoma,,rs147620399-?,9e-06,-6
glioblastoma,,rs147723376-?,4e-07,-7
glioblastoma,,rs147893976-?,7e-06,-6
glioblastoma,,rs148339006-?,7e-06,-6
glioblastoma,,rs148440875-?,7e-06,-6
glioblastoma,,rs148533627-?,3e-06,-6
glioblastoma,,rs148593079-?,1e-05,-5
glioblastoma,,rs148609784-?,4.9999999999999996e-06,-6
glioblastoma,,rs148674037-?,9e-06,-6
glioblastoma,,rs148840588-?,3e-06,-6
glioblastoma,,rs148960895-?,3e-06,-6
glioblastoma,,rs149115656-?,1e-06,-6
glioblastoma,,rs149284311-?,1e-06,-6
glioblastoma,,rs149301239-?,4e-06,-6
glioblastoma,,rs149551942-?,4.9999999999999996e-06,-6
glioblastoma,,rs149556600-?,2e-06,-6
glioblastoma,,rs149612216-?,1e-06,-6
glioblastoma,,rs149722701-?,4.9999999999999996e-06,-6
glioblastoma,,rs149796567-?,3e-06,-6
glioblastoma,,rs150150195-?,7e-06,-6
glioblastoma,,rs150214405-?,1e-06,-6
glioblastoma,,rs150256899-?,2e-06,-6
glioblastoma,,rs150306012-?,1e-05,-5
glioblastoma,,rs150362038-?,2e-06,-6
glioblastoma,,rs150388591-?,2e-07,-7
glioblastoma,,rs150439061-?,2e-06,-6
glioblastoma,,rs150570675-?,6e-06,-6
glioblastoma,,rs150627542-?,2e-06,-6
glioblastoma,,rs150801868-?,2e-06,-6
glioblastoma,,rs150844644-?,3e-06,-6
glioblastoma,,rs150870868-?,6e-06,-6
glioblastoma,,rs151054641-?,1e-07,-7
glioblastoma,,rs151237156-?,7e-06,-6
glioblastoma,,rs16896297-?,2e-07,-7
glioblastoma,,rs17043204-?,9e-06,-6
glioblastoma,,rs17150696-?,4.9999999999999996e-06,-6
glioblastoma,,rs17264946-?,7e-06,-6
glioblastoma,,rs17272585-?,8e-06,-6
glioblastoma,,rs17469415-?,4e-06,-6
glioblastoma,,rs17647506-?,6e-06,-6
glioblastoma,,rs17710991-?,1e-05,-5
glioblastoma,,rs17725969-?,1e-07,-7
glioblastoma,,rs17732602-?,9e-06,-6
glioblastoma,,rs17773901-?,4e-06,-6
glioblastoma,,rs1805002-?,8e-06,-6
glioblastoma,,rs180805094-?,3e-06,-6
glioblastoma,,rs180950937-?,1e-07,-7
glioblastoma,,rs181275719-?,1e-06,-6
glioblastoma,,rs181320827-?,7e-06,-6
glioblastoma,,rs181429443-?,7e-06,-6
glioblastoma,,rs181469246-?,3e-06,-6
glioblastoma,,rs181484081-?,3e-06,-6
glioblastoma,,rs181569363-?,4.9999999999999996e-06,-6
glioblastoma,,rs181588051-?,3e-06,-6
glioblastoma,,rs181651409-?,4.9999999999999996e-06,-6
glioblastoma,,rs182167367-?,9e-06,-6
glioblastoma,,rs182548820-?,2e-08,-8
glioblastoma,,rs182572253-?,9e-08,-8
glioblastoma,,rs182597424-?,5e-07,-7
glioblastoma,,rs182720187-?,8e-07,-7
glioblastoma,,rs182874906-?,1e-05,-5
glioblastoma,,rs183454872-?,3e-07,-7
glioblastoma,,rs183540549-?,8e-06,-6
glioblastoma,,rs184020470-?,9e-07,-7
glioblastoma,,rs184053695-?,3e-06,-6
glioblastoma,,rs184055314-?,1e-06,-6
glioblastoma,,rs184112038-?,4e-06,-6
glioblastoma,,rs184349106-?,7e-06,-6
glioblastoma,,rs184523096-?,1e-07,-7
glioblastoma,,rs184702616-?,8e-06,-6
glioblastoma,,rs184833898-?,9e-06,-6
glioblastoma,,rs185553959-?,5e-07,-7
glioblastoma,,rs186110847-?,3e-06,-6
glioblastoma,,rs186370342-?,9e-06,-6
glioblastoma,,rs186984001-?,6e-06,-6
glioblastoma,,rs187079057-?,6e-06,-6
glioblastoma,,rs187174763-?,4.9999999999999996e-06,-6
glioblastoma,,rs187225666-?,2e-06,-6
glioblastoma,,rs187322128-?,1e-05,-5
glioblastoma,,rs187356387-?,8e-06,-6
glioblastoma,,rs187599478-?,2e-06,-6
glioblastoma,,rs187675208-?,3.0000000000000004e-08,-8
glioblastoma,,rs187828189-?,5e-07,-7
glioblastoma,,rs187837723-?,2e-06,-6
glioblastoma,,rs187954477-?,4.9999999999999996e-06,-6
glioblastoma,,rs188105734-?,1e-06,-6
glioblastoma,,rs188117810-?,3e-06,-6
glioblastoma,,rs188173401-?,6.000000000000001e-09,-9
glioblastoma,,rs188189853-?,4.9999999999999996e-06,-6
glioblastoma,,rs188272849-?,4e-06,-6
glioblastoma,,rs188527649-?,2e-06,-6
glioblastoma,,rs188759633-?,7e-06,-6
glioblastoma,,rs188936023-?,3e-06,-6
glioblastoma,,rs189341148-?,6e-07,-7
glioblastoma,,rs189505696-?,4.9999999999999996e-06,-6
glioblastoma,,rs189518024-?,2e-06,-6
glioblastoma,,rs189738842-?,2e-07,-7
glioblastoma,,rs189847800-?,8e-06,-6
glioblastoma,,rs189911761-?,4.9999999999999996e-06,-6
glioblastoma,,rs190068978-?,5e-08,-8
glioblastoma,,rs190330880-?,6e-06,-6
glioblastoma,,rs190441790-?,8e-06,-6
glioblastoma,,rs190768506-?,6e-06,-6
glioblastoma,,rs190861735-?,1e-06,-6
glioblastoma,,rs190965511-?,8e-07,-7
glioblastoma,,rs191227156-?,2e-06,-6
glioblastoma,,rs191583081-?,2e-06,-6
glioblastoma,,rs191636053-?,6e-06,-6
glioblastoma,,rs191695598-?,3e-06,-6
glioblastoma,,rs191772972-?,4e-06,-6
glioblastoma,,rs191774809-?,2e-06,-6
glioblastoma,,rs191813150-?,4e-06,-6
glioblastoma,,rs191879513-?,6e-06,-6
glioblastoma,,rs192237270-?,3e-06,-6
glioblastoma,,rs192246627-?,8e-06,-6
glioblastoma,,rs192499123-?,8e-06,-6
glioblastoma,,rs192501830-?,1e-05,-5
glioblastoma,,rs192629773-?,8e-06,-6
glioblastoma,,rs192750724-?,4e-06,-6
glioblastoma,,rs192900905-?,9e-06,-6
glioblastoma,,rs192908629-?,8e-07,-7
glioblastoma,,rs192974482-?,6e-06,-6
glioblastoma,,rs193023908-?,8e-06,-6
glioblastoma,,rs193069209-?,8e-06,-6
glioblastoma,,rs193179793-?,4.9999999999999996e-06,-6
glioblastoma,,rs193187482-?,6e-06,-6
glioblastoma,,rs193199270-?,4e-06,-6
glioblastoma,,rs193232190-?,3e-06,-6
glioblastoma,,rs2183428-?,9e-06,-6
glioblastoma,,rs2252719-?,4.9999999999999996e-06,-6
glioblastoma,,rs2807558-?,1e-05,-5
glioblastoma,,rs28370184-?,6e-06,-6
glioblastoma,,rs28782803-?,3e-06,-6
glioblastoma,,rs2953527-?,2e-07,-7
glioblastoma,,rs2962999-?,4e-07,-7
glioblastoma,,rs3212683-?,8e-07,-7
glioblastoma,,rs34521262-?,4e-06,-6
glioblastoma,,rs35786058-?,2e-06,-6
glioblastoma,,rs370105469-?,2e-06,-6
glioblastoma,,rs370340205-?,9e-06,-6
glioblastoma,,rs373858356-?,9e-06,-6
glioblastoma,,rs375145986-?,2e-06,-6
glioblastoma,,rs3780983-?,3e-06,-6
glioblastoma,,rs41283421-?,6e-06,-6
glioblastoma,,rs41293373-?,1e-06,-6
glioblastoma,,rs41298549-?,4.9999999999999996e-06,-6
glioblastoma,,rs4300049-?,6e-06,-6
glioblastoma,,rs45571136-?,6e-06,-6
glioblastoma,,rs4703992-?,4e-06,-6
glioblastoma,,rs4708011-?,2e-06,-6
glioblastoma,,rs503319-?,6e-06,-6
glioblastoma,,rs533502319-?,4e-06,-6
glioblastoma,,rs534382666-?,7e-06,-6
glioblastoma,,rs535502072-?,4.9999999999999996e-06,-6
glioblastoma,,rs536452290-?,2e-06,-6
glioblastoma,,rs539201456-?,1e-05,-5
glioblastoma,,rs542163276-?,1e-06,-6
glioblastoma,,rs543121870-?,9e-06,-6
glioblastoma,,rs545272078-?,3e-07,-7
glioblastoma,,rs547782875-?,2e-06,-6
glioblastoma,,rs548197650-?,1e-06,-6
glioblastoma,,rs551834055-?,3e-06,-6
glioblastoma,,rs552228320-?,3.0000000000000004e-08,-8
glioblastoma,,rs55788050-?,2e-07,-7
glioblastoma,,rs55915819-?,6e-06,-6
glioblastoma,,rs561281612-?,3e-06,-6
glioblastoma,,rs561611917-?,8e-07,-7
glioblastoma,,rs56217307-?,9e-06,-6
glioblastoma,,rs562567583-?,2e-07,-7
glioblastoma,,rs56276625-?,3e-06,-6
glioblastoma,,rs564284198-?,5e-09,-9
glioblastoma,,rs564398-?,2e-06,-6
glioblastoma,,rs565086509-?,3e-07,-7
glioblastoma,,rs565112359-?,4.9999999999999996e-06,-6
glioblastoma,,rs568683011-?,7e-06,-6
glioblastoma,,rs570165514-?,6e-07,-7
glioblastoma,,rs570953989-?,6.000000000000001e-08,-8
glioblastoma,,rs572255040-?,4.9999999999999996e-06,-6
glioblastoma,,rs572752955-?,1e-06,-6
glioblastoma,,rs573425250-?,2e-06,-6
glioblastoma,,rs574019902-?,1e-05,-5
glioblastoma,,rs574321886-?,9e-06,-6
glioblastoma,,rs575481653-?,3e-06,-6
glioblastoma,,rs576238191-?,4e-06,-6
glioblastoma,,rs576324823-?,1e-06,-6
glioblastoma,,rs577354575-?,5e-07,-7
glioblastoma,,rs58532314-?,7e-06,-6
glioblastoma,,rs58569063-?,1e-05,-5
glioblastoma,,rs61754200-?,2e-06,-6
glioblastoma,,rs61770514-?,9e-06,-6
glioblastoma,,rs62068249-?,4e-06,-6
glioblastoma,,rs62167658-?,8e-06,-6
glioblastoma,,rs62315358-?,5e-07,-7
glioblastoma,,rs62426800-?,7e-06,-6
glioblastoma,,rs62439831-?,4.9999999999999996e-06,-6
glioblastoma,,rs639070-?,6e-06,-6
glioblastoma,,rs6663951-?,3e-06,-6
glioblastoma,,rs6756691-?,8e-06,-6
glioblastoma,,rs6990279-?,3e-06,-6
glioblastoma,,rs71654271-?,8e-07,-7
glioblastoma,,rs72647244-?,3e-06,-6
glioblastoma,,rs72689191-?,3e-06,-6
glioblastoma,,rs72727805-?,3e-06,-6
glioblastoma,,rs72731219-?,3e-06,-6
glioblastoma,,rs72768745-?,2e-06,-6
glioblastoma,,rs72776027-?,4e-06,-6
glioblastoma,,rs72776879-?,9e-07,-7
glioblastoma,,rs72806076-?,2e-06,-6
glioblastoma,,rs72825061-?,8e-06,-6
glioblastoma,,rs72827576-?,6e-06,-6
glioblastoma,,rs72844569-?,6e-06,-6
glioblastoma,,rs72849575-?,4.9999999999999996e-06,-6
glioblastoma,,rs72865837-?,7e-06,-6
glioblastoma,,rs72991844-?,4e-06,-6
glioblastoma,,rs73137358-?,6e-06,-6
glioblastoma,,rs73157790-?,1e-05,-5
glioblastoma,,rs73235098-?,2e-06,-6
glioblastoma,,rs73989231-?,6e-06,-6
glioblastoma,,rs74397626-?,1e-06,-6
glioblastoma,,rs74398127-?,7e-06,-6
glioblastoma,,rs74459093-?,8e-06,-6
glioblastoma,,rs74474046-?,2e-06,-6
glioblastoma,,rs74482392-?,7e-06,-6
glioblastoma,,rs74570571-?,2e-06,-6
glioblastoma,,rs74656309-?,4e-06,-6
glioblastoma,,rs74979086-?,3e-06,-6
glioblastoma,,rs75069127-?,4e-07,-7
glioblastoma,,rs75520792-?,7e-06,-6
glioblastoma,,rs75599674-?,9e-06,-6
glioblastoma,,rs75685392-?,1e-06,-6
glioblastoma,,rs75706225-?,7e-06,-6
glioblastoma,,rs75756979-?,9e-07,-7
glioblastoma,,rs75851322-?,2e-07,-7
glioblastoma,,rs7595121-?,3e-06,-6
glioblastoma,,rs76084743-?,2e-06,-6
glioblastoma,,rs76312564-?,4.9999999999999996e-06,-6
glioblastoma,,rs76422724-?,4.9999999999999996e-06,-6
glioblastoma,,rs76727749-?,8e-06,-6
glioblastoma,,rs77095043-?,4.9999999999999996e-06,-6
glioblastoma,,rs77354255-?,9e-06,-6
glioblastoma,,rs77419321-?,4e-06,-6
glioblastoma,,rs77623147-?,9e-06,-6
glioblastoma,,rs77653793-?,6e-06,-6
glioblastoma,,rs77717792-?,2e-06,-6
glioblastoma,,rs77736282-?,6e-06,-6
glioblastoma,,rs78019862-?,2e-06,-6
glioblastoma,,rs78052195-?,1e-07,-7
glioblastoma,,rs78204099-?,4e-06,-6
glioblastoma,,rs78263530-?,9e-08,-8
glioblastoma,,rs7868459-?,8e-06,-6
glioblastoma,,rs78933558-?,3e-06,-6
glioblastoma,,rs78966271-?,1e-06,-6
glioblastoma,,rs79255317-?,1e-06,-6
glioblastoma,,rs7926502-?,8e-06,-6
glioblastoma,,rs79343488-?,4e-06,-6
glioblastoma,,rs79629155-?,8e-06,-6
glioblastoma,,rs79737742-?,4.9999999999999996e-06,-6
glioblastoma,,rs79805888-?,7e-06,-6
glioblastoma,,rs79925658-?,1e-05,-5
glioblastoma,,rs79932869-?,1e-06,-6
glioblastoma,,rs79939183-?,9e-06,-6
glioblastoma,,rs80080127-?,6e-06,-6
glioblastoma,,rs80159306-?,9e-07,-7
glioblastoma,,rs8036106-?,8e-06,-6
glioblastoma,,rs8053662-?,8e-06,-6
glioblastoma,,rs8072388-?,1e-06,-6
glioblastoma,,rs9393702-?,8e-07,-7
glioblastoma,,rs9439581-?,1e-06,-6
glioblastoma,,rs999733-?,1e-06,-6
